ID,title,pages,books_ID
9e8d7c6b-5a4f-3e2d-1c0b-a9b8c7d6e5f4,An Unexpected Party,28,8f3c4e12-7b89-4a12-9c34-56789abcdef0
8d7c6b5a-4f3e-2d1c-0ba9-b8c7d6e5f4a3,Roast Mutton,18,8f3c4e12-7b89-4a12-9c34-56789abcdef0
7c6b5a4f-3e2d-1c0b-a9b8-c7d6e5f4a3b2,Longbourn Assembly,15,a1b2c3d4-e5f6-4a7b-8c9d-0123456789ab
6b5a4f3e-2d1c-0ba9-b8c7-d6e5f4a3b2c1,Maycomb Life,12,f47ac10b-58cc-4372-a567-0e02b2c3d479
5a4f3e2d-1c0b-a9b8-c7d6-e5f4a3b2c1d0,The Boy Who Lived,17,c9bf9e57-1685-4c89-bafb-ff5af830be8a
4f3e2d1c-0ba9-b8c7-d6e5-f4a3b2c1d0e9,Diagon Alley,22,c9bf9e57-1685-4c89-bafb-ff5af830be8a
3e2d1c0b-a9b8-c7d6-e5f4-a3b2c1d0e9f8,Before the Barn,10,d7e8f9a0-1b2c-4d3e-5f6a-7b8c9d0e1f2a
2d1c0ba9-b8c7-d6e5-f4a3-b2c1d0e9f8a7,The Spark,32,e5f6a7b8-9c0d-4e1f-2a3b-4c5d6e7f8a9b
1c0ba9b8-c7d6-e5f4-a3b2-c1d0e9f8a7b6,Big Brother,25,7b8c9d0e-1f2a-3b4c-5d6e-7f8a9b0c1d2e
0ba9b8c7-d6e5-f4a3-b2c1-d0e9f8a7b6c5,Miracle Child,14,4c5d6e7f-8a9b-0c1d-2e3f-4a5b6c7d8e9f